{
    "name": "AzureSqlTable1",
    "properties": {
        "linkedServiceName": {
            "referenceName": "AzureSqlDatabase1",
            "type": "LinkedServiceReference"
        },
        "annotations": [],
        "type": "AzureSqlTable",
        "schema": [
            {
                "name": "Branch_ID",
                "type": "varchar"
            },
            {
                "name": "Dealer_ID",
                "type": "varchar"
            },
            {
                "name": "Model_ID",
                "type": "varchar"
            },
            {
                "name": "Revenue",
                "type": "int",
                "precision": 10
            },
            {
                "name": "Units_Sold",
                "type": "int",
                "precision": 10
            },
            {
                "name": "Date_ID",
                "type": "varchar"
            },
            {
                "name": "Day",
                "type": "int",
                "precision": 10
            },
            {
                "name": "Month",
                "type": "int",
                "precision": 10
            },
            {
                "name": "Year",
                "type": "int",
                "precision": 10
            },
            {
                "name": "BranchName",
                "type": "varchar"
            },
            {
                "name": "DealerName",
                "type": "varchar"
            },
            {
                "name": "Product_Name",
                "type": "varchar"
            }
        ],
        "typeProperties": {
            "schema": "dbo",
            "table": "source_git"
        }
    },
    "type": "Microsoft.DataFactory/factories/datasets"
}