{
    "name": "DelimitedText2",
    "properties": {
        "linkedServiceName": {
            "referenceName": "HttpServer1",
            "type": "LinkedServiceReference"
        },
        "parameters": {
            "file_name": {
                "type": "string"
            }
        },
        "annotations": [],
        "type": "DelimitedText",
        "typeProperties": {
            "location": {
                "type": "HttpServerLocation",
                "relativeUrl": {
                    "value": "anshlambagit/Azure-DE-Project-Resources/refs/heads/main/Raw%20Data/@{dataset().file_name}",
                    "type": "Expression"
                }
            },
            "columnDelimiter": ",",
            "escapeChar": "\\",
            "firstRowAsHeader": true,
            "quoteChar": "\""
        },
        "schema": []
    },
    "type": "Microsoft.DataFactory/factories/datasets"
}