{
    "now": "2025-06-29T08:25:00.407Z",
    "perfNow": 25978.79999999702,
    "diagnosticCorrelation": "8dd11eec-4c0f-42f1-825b-044cb90139d6",
    "source": "DownloadSupportFiles",
    "environment": {
        "productName": "adf",
        "buildVersion": "1.0.061625.7",
        "environmentType": 3,
        "resourceName": "datafactoryrn",
        "resourceRegion": "eastus",
        "resourceGroup": "incre_azure_project",
        "subscriptionId": "1b88d203-83ef-4561-867b-e8059c9fdae3",
        "sessionId": "tmbaL3eS5sNW9XBOwZJfH9",
        "operationId": "",
        "gitType": "live",
        "loggingKey": "35681e7e-99d1-4b48-a2ce-0e6cae12e185"
    },
    "additionalInfo": {
        "selectedResource": "source_prep",
        "selectedResourceType": "pipeline"
    }
}